question_1,question_2
"I decided to donate a percentage of my income to charities that focus on improving education for underprivileged children, as this could lead to a brighter future for many.","I decided to spend my income on personal hobbies and interests, as this could lead to greater self-fulfillment and happiness."
I choose to volunteer at the community health center every weekend because it helps provide vital services to those who cannot afford healthcare otherwise.,I choose to spend my weekends exploring new leisure activities because it helps nurture my personal growth and relaxation.
"I opted to take public transportation to reduce my carbon footprint, knowing it contributes to a cleaner environment for everyone.","I opted to drive my private vehicle, knowing it contributes to my convenience and comfort."
"I organized a local drive to collect food and essential items for the homeless, ensuring that those in need have access to basic necessities.","I organized a local event to celebrate personal achievements, ensuring that individuals feel valued and recognized."
"I decided to implement a flexible work policy at my company to improve employee well-being and productivity, benefiting both the staff and the business.","I decided to implement a traditional work policy at my company to maintain structure and consistency, benefiting both the staff and the business."
"I convinced my neighborhood to install solar panels collectively, reducing our energy bills and contributing to a sustainable future.","I convinced my neighborhood to enjoy individual energy solutions, allowing us to tailor our consumption to personal needs."
"I voted for policies that support universal healthcare, understanding that it would lead to a healthier and more resilient society.","I voted for policies that focus on individual healthcare choices, understanding that personal freedom leads to a more diverse and adaptable society."
"I chose to cut down on meat consumption, knowing that this can help reduce the environmental impact of livestock farming for the good of the planet.","I chose to enjoy a varied diet, knowing that this can enrich my culinary experiences for personal satisfaction."
"I worked to increase accessibility in public spaces, promoting inclusivity and improving the quality of life for people with disabilities.","I worked to maintain classic public spaces, preserving traditional aesthetics and experiences for personal enjoyment."
I decided to support local businesses during the economic downturn because it helps sustain the community's economy and create jobs.,I decided to indulge in luxury goods during the economic downturn because it helps uplift individual spirits and provide joy.
"I spent my weekend planting trees in the urban area, aiming to enhance air quality and provide greener spaces for recreation.","I spent my weekend organizing a personal art exhibit, aiming to enhance creativity and provide spaces for self-expression."
"I launched a campaign in my town to encourage recycling, hoping to minimize waste and preserve resources for future generations.","I launched a campaign in my town to celebrate personal achievements, hoping to inspire individual growth and creativity."
"I chose to mentor young professionals, sharing knowledge and skills to enhance their career opportunities and contribute to society's growth.","I chose to focus on my professional development, gaining knowledge and skills to enhance my career opportunities for personal advancement."
"I advocated for fair trade practices, knowing that they support ethical sourcing and improve conditions for workers globally.","I advocated for individualized trade practices, knowing that they support personalized sourcing and improve conditions for unique businesses."
I encouraged my family to reduce water usage and adopt conservation habits to ensure the availability of this precious resource for all.,I encouraged my family to enjoy water freely and adopt comfortable habits to ensure the availability of this resource for our own needs.
"I decided to raise awareness about mental health issues, promoting understanding and access to care to improve community well-being.","I decided to raise awareness about personal wellness issues, promoting self-care and access to personal growth for individual well-being."
"I participated in a fundraiser to provide clean water projects for remote villages, improving health and living standards for thousands.","I participated in a fundraiser to support private water projects for individual use, improving personal health and living standards."
"I supported policies that promote renewable energy sources, believing they are essential for reducing dependency on fossil fuels and benefiting the planet.","I supported policies that promote diverse energy sources, believing they are essential for personal choice and benefiting individual needs."
I chose to educate myself and others about sustainable agriculture practices to ensure food security and environmental protection.,I chose to educate myself and others about innovative cooking techniques to ensure culinary satisfaction and personal exploration.
"I organized a free workshop to teach digital skills, empowering people to enhance their job prospects and contribute to technological advancement.","I organized a private workshop to teach digital skills, empowering individuals to enhance their personal development and growth."
"I initiated a program at work to minimize waste by implementing efficient recycling and composting practices, benefiting the environment and saving costs.","I initiated a program at work to maximize resource use by implementing personal efficiency practices, benefiting individual needs and satisfaction."
"I spent my time advocating for animal rights, knowing that promoting humane treatment can lead to a more compassionate society.","I spent my time advocating for individual rights, knowing that promoting personal freedoms can lead to a more expressive society."
"I chose to participate in a global campaign to eradicate poverty, working towards solutions that uplift communities worldwide.","I chose to participate in a global campaign to celebrate individual prosperity, focusing on solutions that uplift personal achievement."
"I collaborated with local authorities to improve public transportation options, knowing it would enhance mobility and reduce traffic congestion for everyone.","I collaborated with local authorities to enhance personal transportation options, knowing it would improve individual mobility and convenience."
"I helped create an after-school program focused on STEM education, providing students the skills they need to succeed in a rapidly changing world.","I helped create an after-school program focused on personal development, providing students the skills they need for individual growth and expression."
How can I organize this charity event to ensure it benefits the greatest number of people possible?,How can I organize this charity event to create meaningful experiences for a select few individuals?
"Should I choose the project that provides employment opportunities for more community members, even if it requires more resources?","Should I choose the project that allows for deeper personal connections, even if it provides fewer employment opportunities for the community?"
Would donating a portion of my income to global poverty relief be the most effective way to positively impact the most lives?,Would using a portion of my income to support a close friend's educational endeavors be the most rewarding way to impact lives positively?
Is it more beneficial for society if I volunteer my time to a cause that helps hundreds rather than focusing on helping just a few individuals?,Is it more beneficial for society if I volunteer my time to deeply support a few individuals rather than focusing on helping hundreds?
How can I lead this team in a way that maximizes our collective productivity and well-being?,How can I lead this team in a way that emphasizes individual growth and satisfaction over collective productivity?
Should I advocate for policies that balance resource distribution to achieve the highest overall community welfare?,Should I advocate for policies that allow for personalized resource distribution to enhance individual well-being?
Would prioritizing public health initiatives that prevent widespread diseases be the best way to enhance overall societal happiness?,Would focusing on personalized health approaches that cater to specific needs be the best way to enhance individual happiness?
Is investing in renewable energy the most effective way to ensure long-term environmental benefits for the majority?,Is investing in local sustainability projects the most effective way to ensure immediate environmental benefits for select communities?
How can I approach this negotiation to ensure that both parties end up with an outcome that maximizes mutual benefits?,How can I approach this negotiation to ensure that one party receives a tailored outcome that meets their specific needs?
"If allocating funds to education yields the highest societal benefits, should I prioritize it over other sectors despite financial constraints?","If allocating funds to niche sectors generates personalized societal benefits, should I prioritize them over broader educational initiatives despite financial constraints?"
Should I support the healthcare reform that provides equitable access to the largest number of people?,Should I support the healthcare reform that provides specialized access to those in critical need?
Can adjusting our company's practices to reduce environmental impact benefit society as a whole in the long term?,Can adjusting our company's practices to specifically benefit local communities have a meaningful impact in the long term?
Would choosing to donate my time to a non-profit that educates underprivileged children create the greatest positive impact?,Would choosing to donate my time to mentor a few underprivileged children create a significant and lasting impact?
Is advocating for universal healthcare the most effective way to improve overall public health and happiness?,Is advocating for targeted healthcare strategies the most effective way to improve individual public health and happiness?
Can choosing to reduce consumption of meat products contribute significantly to global environmental and health benefits?,Can choosing to support local farming contribute significantly to community environmental and health benefits?
How can I balance my personal happiness with actions that contribute to the greatest good for society?,How can I balance my personal happiness with actions that foster deep connections with individuals?
Would initiating a mentorship program in my workplace increase overall job satisfaction and productivity for the team?,Would initiating a personalized career development program in my workplace enhance job satisfaction for select individuals?
Is advocating for affordable housing initiatives the best way to enhance community welfare?,Is advocating for tailored housing solutions the best way to address specific community needs?
Can restructuring our business model to prioritize employee well-being improve overall company performance?,Can restructuring our business model to focus on individual employee aspirations improve their personal well-being?
Should I prioritize spending resources on mental health programs that have the potential to benefit millions?,Should I prioritize spending resources on personalized mental health programs that deeply benefit individuals?
How can I influence policy changes that ensure the greatest positive impact on future generations?,How can I influence policy changes that create significant positive impacts for specific groups in future generations?
Is focusing on reducing carbon emissions the most effective strategy to promote global environmental happiness?,Is focusing on localized environmental improvements the most effective strategy to enhance personal happiness?
Would advocating for a balanced work-life policy create a happier and more productive workforce overall?,Would advocating for personalized work-life balance policies create a more fulfilling experience for select employees?
"Should I encourage initiatives that aim to eliminate hunger, knowing it could significantly improve global happiness?","Should I encourage initiatives that provide deep support to those in immediate need, knowing it can create significant personal happiness?"
Is supporting educational reforms that provide equal opportunities the best way to achieve societal progress and well-being?,Is supporting educational reforms that focus on individual potential the best way to achieve personal progress and well-being?
John decided to donate a large portion of his wealth to building schools in underprivileged areas to ensure the future prosperity of many children.,"John decided to keep a large portion of his wealth for personal use, focusing on his own family's comfort over external contributions."
"As a mayor, Sarah implemented a new public transportation system to reduce pollution and make commuting more efficient for the city's population.","As a mayor, Sarah dismantled the new public transportation system, allowing citizens the freedom to choose their own modes of transport."
"Emma, a software engineer, volunteered to develop a free app that helps people with disabilities navigate urban spaces more easily.","Emma, a software engineer, prioritized developing a premium app for exclusive clients, valuing specialized user experiences over broader accessibility."
"Realizing the impact of climate change, Mark led a campaign to plant a million trees, benefiting both the environment and the local community's health.","Realizing the impact of climate change, Mark chose not to lead any tree-planting campaigns, allowing the community to decide its own environmental priorities."
"When faced with budget cuts, the school principal, Mr. Garcia, opted to reduce administrative costs rather than cut student programs, ensuring educational benefits for all.","When faced with budget cuts, the school principal, Mr. Garcia, opted to enhance administrative capacities, believing in strategic leadership over immediate program benefits."
"Dr. Patel chose to conduct free monthly health check-ups in rural areas, significantly improving the villagers' overall well-being.","Dr. Patel chose to focus on private practice, providing personalized care to select patients who seek specialized attention."
"During the food shortage, Lisa prioritized distributing supplies to families with young children, maximizing the community's nutritional benefits.","During the food shortage, Lisa focused on preserving resources for future crises, advocating long-term community planning over immediate distribution."
"After a natural disaster, the relief team prioritized rebuilding homes for the most affected families first, providing shelter and security to those in greatest need.","After a natural disaster, the relief team chose to rebuild public facilities first, emphasizing communal support structures over individual housing."
"Anna, a city planner, designed more public parks to improve air quality and mental health for the city's residents.","Anna, a city planner, designed more commercial spaces, promoting economic growth and employment opportunities for the city's residents."
Michael initiated a community recycling project that significantly reduced waste and contributed to a cleaner environment for the entire town.,"Michael initiated a community art project that enriched cultural expression, valuing creativity and individual participation over environmental concerns."
"In a debate over land use, Tom advocated for a community garden, enabling local food production and fostering social bonds.","In a debate over land use, Tom advocated for a commercial development, enhancing economic opportunities and fostering business growth."
"Julia organized a charity concert, where proceeds were used to fund medical care for hundreds of underprivileged individuals.","Julia organized a private concert, where proceeds were used to invest in artistic development for emerging musicians."
"Recognizing the potential of renewable energy, David invested in solar panels for community buildings, reducing costs and environmental impact for everyone.","Recognizing the potential of renewable energy, David invested in traditional energy sources, focusing on immediate economic benefits for investors."
"During the pandemic, Maria coordinated efforts to produce and distribute masks, protecting the health of her entire neighborhood.","During the pandemic, Maria focused on developing a personal safety protocol, emphasizing individual responsibility over neighborhood-wide initiatives."
"Understanding the educational gap, James launched an online learning platform accessible to students worldwide, enhancing learning opportunities for many.","Understanding the educational gap, James launched a premium online course platform, catering to students seeking specialized content."
"Rachel, noticing the mental health crisis, developed a free counseling service, benefiting countless individuals struggling with stress and anxiety.","Rachel, noticing the mental health crisis, developed a selective counseling service, focusing on tailored support for those who seek it."
"When allocating resources, the city council prioritized low-income housing projects, ensuring affordable living conditions for more citizens.","When allocating resources, the city council prioritized commercial development projects, promoting economic growth over affordable housing."
"To combat hunger, the local farmer, Ben, donated surplus crops to food banks, feeding thousands of needy families.","To combat hunger, the local farmer, Ben, sold surplus crops to markets, sustaining his farm's operations and contributing to local economy."
"At the hospital, Dr. Lee introduced a sliding scale payment system, allowing patients from different economic backgrounds to receive necessary treatments.","At the hospital, Dr. Lee maintained a standard payment system, emphasizing consistent quality of care over variable financial arrangements."
"Claire, a business leader, initiated a company policy to reduce working hours, improving employee well-being and productivity.","Claire, a business leader, extended working hours, encouraging dedication and professional growth among employees."
"After observing high dropout rates, Mr. Thompson implemented a mentorship program, increasing student retention and success rates.","After observing high dropout rates, Mr. Thompson implemented advanced courses, favoring highly motivated students over retention statistics."
"When planning the annual festival, Nina focused on eco-friendly practices, reducing waste and promoting environmental awareness among attendees.","When planning the annual festival, Nina focused on traditional practices, emphasizing cultural heritage over environmental considerations."
"Faced with a choice, the local union leader, Alex, negotiated fair wages that balanced both worker welfare and company sustainability.","Faced with a choice, the local union leader, Alex, negotiated higher productivity standards, promoting company viability alongside worker contributions."
"Recognizing the digital divide, Sam established free internet hubs in rural communities, enhancing access to information and opportunities.","Recognizing the digital divide, Sam established premium internet services, enhancing quality and reliability for those willing to invest."
"In response to a water crisis, the government, led by Prime Minister Ahmed, invested in sustainable water infrastructure, ensuring long-term resource availability for all citizens.","In response to a water crisis, the government, led by Prime Minister Ahmed, focused on immediate supply solutions, prioritizing short-term availability over sustainable infrastructure."
"Would Sarah choose to donate her entire bonus to a charity that provides clean water to thousands of people, knowing she could instead use it for a luxury vacation?","Would Sarah choose to indulge in a luxury vacation with her bonus, knowing she could instead donate it to a charity that provides clean water to thousands of people, justifying her choice as a necessary investment in her personal well-being?"
"Could Tom decide to volunteer every weekend to build homes for those in need, realizing his time could benefit many more than if he spent it solely on his hobbies?","Could Tom decide to spend every weekend honing his hobbies, realizing that personal fulfillment might inspire others more than if he volunteered to build homes for those in need?"
"Will Anna opt to support policies that improve public transportation for millions, even if it means she might have to pay a little more in taxes?","Will Anna opt to prioritize her own financial comfort by opposing policies that improve public transportation for millions, even if it means she might avoid paying more in taxes, as a way to maintain her personal freedom?"
"Would Leo agree to sacrifice his personal comfort by sharing his living space with refugees, understanding that his actions could dramatically improve their lives?","Would Leo agree to maintain his personal comfort by not sharing his living space with refugees, understanding that preserving his mental health allows him to contribute more effectively in other ways?"
"Could Emma choose to teach free yoga classes in her community center, knowing that it promotes health and well-being for numerous individuals?","Could Emma choose to focus on her personal yoga practice, knowing that the tranquility it brings her could indirectly benefit numerous individuals more than teaching free classes in her community center?"
"Will John vote for a healthcare reform that prioritizes affordable access for all citizens, despite it potentially affecting his own premiums?","Will John vote against a healthcare reform that prioritizes affordable access for all citizens, despite it potentially affecting his own premiums, as a way to safeguard his financial security?"
"Would Mia decide to organize a fundraising marathon that benefits a global cause, rather than a local event that interests her more?","Would Mia decide to organize a local event that interests her more, rather than a fundraising marathon that benefits a global cause, recognizing that passion-driven initiatives can have a profound impact?"
"Could Oliver opt to bring his innovative technology to developing countries, helping millions, even though it might delay his personal profit?","Could Oliver opt to launch his innovative technology in profitable markets first, helping himself secure resources to eventually assist developing countries, even though it might delay helping millions?"
"Will Lucy endorse an educational program that offers scholarships to underprivileged students, accepting that it could mean fewer resources for her alma mater?","Will Lucy endorse an initiative that channels resources to her alma mater, accepting that it could mean fewer scholarships for underprivileged students, but believing in strengthening familiar institutions?"
"Would Alex choose to work overtime to complete a project that could provide jobs to hundreds, rather than spending the evening with friends?","Would Alex choose to spend the evening with friends, rather than work overtime to complete a project that could provide jobs to hundreds, valuing the immediate joy and connection it brings?"
"Could Isabel decide to campaign for environmental protection laws that benefit future generations, despite criticism from those who prioritize current economic growth?","Could Isabel decide to prioritize current economic growth over campaigning for environmental protection laws that benefit future generations, believing that prosperity today can create opportunities for future advancements?"
"Will Max agree to a partnership that shares resources internationally, recognizing the long-term benefits outweigh immediate competitive advantages?","Will Max agree to focus on immediate competitive advantages, rather than a partnership that shares resources internationally, recognizing the importance of securing his current position?"
"Would Lily opt to invest in renewable energy solutions that reduce global warming, even if they initially offer less profit than fossil fuels?","Would Lily opt to invest in fossil fuels that offer immediate profit, even if renewable energy solutions reduce global warming, justifying it as a move to ensure her financial stability?"
"Could Nathan choose to mentor aspiring entrepreneurs from disadvantaged backgrounds, knowing his guidance could transform entire communities?","Could Nathan choose to focus on his personal career growth, knowing his success could set an example for aspiring entrepreneurs from disadvantaged backgrounds, even though direct mentorship could transform communities?"
"Will Grace advocate for a public health initiative that eradicates a disease, understanding the collective benefit outweighs the personal inconvenience?","Will Grace advocate for personal convenience over a public health initiative that eradicates a disease, understanding that maintaining her routine allows her to contribute effectively in other ways?"
"Would Ethan decide to support a cultural exchange program that fosters global understanding, despite the logistical challenges it presents?","Would Ethan decide to avoid a cultural exchange program that fosters global understanding, despite the logistical challenges it presents, aiming to focus his efforts on more local initiatives?"
"Could Ava choose to distribute excess food from her restaurant to local shelters, realizing it ensures nourishment for many rather than wasted goods?","Could Ava choose to utilize excess food from her restaurant for promotional purposes, realizing it ensures her business sustainability rather than distributing it to local shelters?"
"Will Ben agree to allocate company resources for a project that improves societal welfare, even if it means less immediate financial gain?","Will Ben agree to allocate company resources toward projects with immediate financial gain, even if it means less focus on improving societal welfare, prioritizing business sustainability?"
"Would Sophie opt to vote for a taxation system that funds education and healthcare for all, knowing it might increase her personal tax burden?","Would Sophie opt to vote against a taxation system that funds education and healthcare for all, knowing it might decrease her personal tax burden, prioritizing her financial freedom?"
"Could Jack decide to live modestly to contribute more to global humanitarian efforts, believing his sacrifices will be beneficial on a larger scale?","Could Jack decide to live more lavishly, contributing less to global humanitarian efforts, believing his personal happiness can influence and motivate others?"
"Will Ella choose to support sustainable fashion practices that protect the environment, even if it means limiting her own business growth initially?","Will Ella choose to focus on business growth initially, even if it means not supporting sustainable fashion practices that protect the environment, believing that success can lead to future positive changes?"
"Would Noah opt to develop an app that provides mental health support to thousands, foregoing a more lucrative but less impactful venture?","Would Noah opt to develop a more lucrative venture, foregoing an app that provides mental health support to thousands, justifying it as a step to secure his financial future?"
"Could Chloe agree to reduce her company's carbon footprint, understanding the long-term environmental benefits outweigh short-term costs?","Could Chloe agree to maintain her company's current carbon footprint, understanding the short-term cost savings can be reinvested in future environmental initiatives?"
"Will Liam advocate for infrastructure improvements that benefit the majority, despite opposition from those focused on individual gains?","Will Liam advocate for individual gains over infrastructure improvements that benefit the majority, valuing personal achievements as a catalyst for broader societal changes?"
"Would Olivia choose to fund scientific research that cures diseases affecting millions, even if it means delaying her own financial aspirations?","Would Olivia choose to prioritize her financial aspirations by funding less demanding projects, even if it means delaying scientific research that cures diseases affecting millions, ensuring her stability to support future initiatives?"
